# Generated from VCS_PSP_PS2_OPCODE_COMPARE.json; opcode<TAB>table handler target
0x0000	0x002b73e0
0x0001	0x0029a5a8
0x0002	0x002b73e8
0x0003	0x0018b930
0x0004	0x002b7448
0x0005	0x002b7448
0x0006	0x002b74a8
0x0007	0x002b7508
0x0008	0x002b7570
0x0009	0x002b75d8
0x000A	0x002b7640
0x000B	0x002b76a8
0x000C	0x002b7714
0x000D	0x002b777c
0x000E	0x002b77e8
0x000F	0x002b7850
0x0010	0x002b7850
0x0011	0x002b7850
0x0012	0x002b7918
0x0013	0x002b7918
0x0014	0x002b7918
0x0015	0x002b79f0
0x0016	0x002b79f0
0x0017	0x002b79f0
0x0018	0x002b7abc
0x0019	0x002b7abc
0x001A	0x002b7abc
0x001B	0x002b7b94
0x001C	0x002b7b94
0x001D	0x002b7b94
0x001E	0x002b7b94
0x001F	0x002eb2c4
0x0020	0x002eb2c4
0x0021	0x002b7c60
0x0022	0x002b7ccc
0x0023	0x002b7d38
0x0024	0x002b7d84
0x0025	0x002b7e08
0x0026	0x002b7e88
0x0027	0x00253e10
0x0028	0x001da020
0x0029	0x002b7508
0x002A	0x002b7570
0x002B	0x002b75d8
0x002C	0x002b7640
0x002D	0x002b76a8
0x002E	0x002b7714
0x002F	0x002b777c
0x0030	0x002b77e8
0x0031	0x002b7ea8
0x0032	0x002b7ea8
0x0033	0x002b7f18
0x0034	0x002b7f18
0x0035	0x002b7448
0x0036	0x002b7448
0x0037	0x002b74a8
0x0038	0x002b7f88
0x0039	0x002b7fe8
0x003A	0x002b8048
0x003B	0x002b8088
0x003C	0x00000158
0x003D	0x000001c0
0x003E	0x0032dc24
0x003F	0x0032316c
0x0040	0x00003d14
0x0041	0x00003dd0
0x0042	0x00003f54
0x0043	0x0032321c
0x0044	0x003232f8
0x0045	0x003233f0
0x0046	0x00323538
0x0047	0x00323708
0x0048	0x002e82c8
0x0049	0x002e03c8
0x004A	0x002e0484
0x004B	0x002e064c
0x004C	0x002e06d0
0x004D	0x002e0718
0x004E	0x002e07b0
0x004F	0x002e0880
0x0050	0x002e0970
0x0051	0x002e0a1c
0x0052	0x002e0a78
0x0053	0x002e0b48
0x0054	0x002e0c74
0x0055	0x002eb3d0
0x0056	0x002eb4bc
0x0057	0x002eb5a4
0x0058	0x002eb694
0x0059	0x002eb77c
0x005A	0x00283b64
0x005B	0x00283ba0
0x005C	0x00283bf4
0x005D	0x0029a608
0x005E	0x002b80d4
0x005F	0x002b815c
0x0078	0x002b81e0
0x0079	0x002b8250
0x007A	0x002b8294
0x007B	0x00323910
0x007C	0x00323b38
0x007D	0x00323c50
0x007E	0x00323d58
0x007F	0x002acc1c
0x0080	0x0020daec
0x0081	0x0020daec
0x0082	0x0020daec
0x0083	0x0020daec
0x0084	0x0020daec
0x0085	0x0020daec
0x0086	0x0020db0c
0x0087	0x0020db0c
0x0088	0x0020db0c
0x0089	0x0020db2c
0x008A	0x0020db2c
0x008B	0x0020db2c
0x008C	0x0020db2c
0x008D	0x0020db2c
0x008E	0x0020db2c
0x008F	0x0020db4c
0x0090	0x0020db4c
0x0091	0x0020db4c
0x0092	0x0020dc34
0x0093	0x0020de2c
0x0094	0x001da1e8
0x0095	0x001da258
0x0096	0x001da348
0x0097	0x001da3c0
0x0098	0x001da4d8
0x0099	0x001da538
0x009A	0x001da598
0x009B	0x001da688
0x009C	0x001da6dc
0x009D	0x001da738
0x009E	0x00323e3c
0x009F	0x00323e98
0x00A0	0x002e0db8
0x00A1	0x00323ff0
0x00A2	0x00003fb0
0x00A3	0x00004010
0x00A4	0x0032e004
0x00A5	0x001da7c4
0x00A6	0x002e0ea8
0x00A7	0x002e0f88
0x00A8	0x002e0fd0
0x00A9	0x002e109c
0x00AA	0x002e1154
0x00AB	0x002eff68
0x00AC	0x002f0010
0x00AD	0x002f004c
0x00AE	0x002f00dc
0x00AF	0x000d9494
0x00B0	0x0032404c
0x00B1	0x000d9670
0x00B2	0x000d9764
0x00B3	0x0018b98c
0x00B4	0x0018b9f0
0x00B5	0x0018ba74
0x00B6	0x0018baf8
0x00B7	0x000d9858
0x00B8	0x0029a78c
0x00B9	0x0018bb1c
0x00BA	0x0018bba0
0x00BB	0x00274ed8
0x00BC	0x00274f2c
0x00BD	0x00274f90
0x00BE	0x00274ff4
0x00BF	0x00275148
0x00C0	0x002751ac
0x00C1	0x002752b8
0x00C2	0x002753c4
0x00C3	0x002754d0
0x00C4	0x00275640
0x00C5	0x002756a4
0x00C6	0x0027581c
0x00C7	0x00275994
0x00C8	0x0018bc64
0x00C9	0x0018bcc8
0x00CA	0x0018bd58
0x00CB	0x0017af4c
0x00CC	0x0017b000
0x00CD	0x0017b0b4
0x00CE	0x003241d0
0x00CF	0x0032435c
0x00D0	0x002e1200
0x00D1	0x002e1310
0x00D2	0x0020df14
0x00D3	0x0020e024
0x00D4	0x00324410
0x00D5	0x0032454c
0x00D6	0x002b82c8
0x00D7	0x003245a8
0x00D8	0x002e1384
0x00D9	0x00288c0c
0x00DA	0x00288e4c
0x00DB	0x00288f28
0x00DC	0x002e1474
0x00DD	0x002e1560
0x00DE	0x002e15c0
0x00DF	0x000040e4
0x00E0	0x00004140
0x00E1	0x0000419c
0x00E2	0x00004270
0x00E3	0x000043a4
0x00E4	0x00004400
0x00E5	0x0000447c
0x00E6	0x000044f8
0x00E7	0x00004574
0x00E8	0x000045f0
0x00E9	0x0000466c
0x00EA	0x000046e8
0x00EB	0x00004764
0x00EC	0x000047e0
0x00ED	0x0000485c
0x00EE	0x00004990
0x00EF	0x00004a30
0x00F0	0x00004ab8
0x00F1	0x00004b14
0x00F2	0x00004b74
0x00F3	0x00004bf0
0x00F4	0x00004c6c
0x00F5	0x00004ce8
0x00F6	0x00324698
0x00F7	0x00324698
0x00F8	0x00324698
0x00F9	0x00324698
0x00FA	0x00324698
0x00FB	0x00324698
0x00FC	0x00324698
0x00FD	0x00324698
0x00FE	0x00324698
0x00FF	0x00324698
0x0100	0x002e1604
0x0101	0x002e1604
0x0102	0x0020db6c
0x0103	0x0020db6c
0x0104	0x0020db6c
0x0105	0x0020db6c
0x0106	0x003246b8
0x0107	0x001da8a4
0x0108	0x00283c74
0x0109	0x00283cb8
0x010A	0x00283cfc
0x010B	0x00324890
0x010C	0x0020e0c0
0x010D	0x0020e158
0x010E	0x002f0118
0x010F	0x0032499c
0x0110	0x001daa64
0x0111	0x002e1624
0x0112	0x00324ae4
0x0113	0x002e1700
0x0114	0x0020e25c
0x0115	0x00324b70
0x0116	0x002e177c
0x0117	0x0020e2d8
0x0118	0x0032e444
0x0119	0x00324bec
0x011A	0x00324c58
0x011B	0x00004d88
0x011C	0x00324ca0
0x011D	0x002eb79c
0x011E	0x002eb8a4
0x011F	0x002eb9a8
0x0120	0x002ebab4
0x0121	0x0028e364
0x0122	0x0028e434
0x0123	0x002e17e4
0x0124	0x002e1858
0x0125	0x002e18c8
0x0126	0x002e1904
0x0127	0x00324d0c
0x0128	0x001daae0
0x012C	0x002e1a10
0x012D	0x002e1ae0
0x012E	0x001dab1c
0x012F	0x0029c55c
0x0130	0x0029c66c
0x0131	0x000001fc
0x0132	0x0020db8c
0x0133	0x0020db8c
0x0134	0x0020db8c
0x0135	0x0020db8c
0x0136	0x0020db8c
0x0137	0x0020db8c
0x0138	0x00000268
0x0139	0x00000300
0x013A	0x002e1bd8
0x013B	0x002e1c2c
0x013C	0x0007f50c
0x013D	0x002e1c98
0x013E	0x00324d5c
0x013F	0x001ddcd0
0x0140	0x001dde20
0x0141	0x001ddee8
0x0142	0x0007f588
0x0143	0x002ebbb8
0x0144	0x002ebca4
0x0145	0x001d3f3c
0x0146	0x001d3fd8
0x0147	0x001d4060
0x0148	0x001d4130
0x0149	0x002e1d88
0x014A	0x001daba0
0x014B	0x00324eec
0x014C	0x002e1e5c
0x014D	0x00324fc8
0x014E	0x002e1eb8
0x014F	0x002e1f30
0x0150	0x002e2014
0x0151	0x0028e504
0x0152	0x0028e5d4
0x0153	0x00325040
0x0154	0x003250cc
0x0155	0x0029142c
0x0156	0x00291484
0x0157	0x002914d8
0x0158	0x00004e08
0x0159	0x0009dda0
0x015A	0x0009dea0
0x015B	0x001dac04
0x015C	0x002e2174
0x015D	0x00325158
0x015E	0x001d9a38
0x015F	0x003251b0
0x0160	0x0009df7c
0x0161	0x0009e058
0x0162	0x0009e1b0
0x0163	0x000bd6cc
0x0164	0x000bd74c
0x0165	0x003194b8
0x0166	0x00283d1c
0x0167	0x00283d3c
0x0168	0x00283d5c
0x0169	0x00283d7c
0x016A	0x001dace4
0x016B	0x002ee81c
0x016C	0x002ee8bc
0x016D	0x002ee904
0x016E	0x002ee950
0x016F	0x002ee99c
0x0170	0x002eea64
0x0171	0x002eeb84
0x0172	0x002eebd0
0x0173	0x002eec38
0x0174	0x002eeca0
0x0175	0x002eed08
0x0176	0x002eed70
0x0177	0x002eedd8
0x0178	0x002eee40
0x0179	0x002eeea8
0x017A	0x002eef10
0x017B	0x002eef78
0x017C	0x002ef098
0x017D	0x002ef12c
0x017E	0x002ef19c
0x017F	0x002ef1e8
0x0180	0x002ef234
0x0181	0x002ef29c
0x0182	0x002ef304
0x0183	0x002ef36c
0x0184	0x002ef400
0x0185	0x002ef470
0x0186	0x002ef504
0x0187	0x002ef550
0x0188	0x002ef660
0x0189	0x002ef6a8
0x018A	0x002ef78c
0x018B	0x002ef7f0
0x018C	0x002ef844
0x018D	0x002ef940
0x018E	0x002efa08
0x018F	0x002efa50
0x0190	0x002efbb4
0x0191	0x002efbb4
0x0192	0x002efbb4
0x0193	0x002efbb4
0x0194	0x002efbb4
0x0195	0x002efbb4
0x0196	0x002efbd4
0x0197	0x002efbd4
0x0198	0x002efbd4
0x0199	0x002efbf4
0x019A	0x002efbf4
0x019B	0x002efbf4
0x019C	0x002efc14
0x019D	0x002efc34
0x019E	0x002efc14
0x019F	0x002efc14
0x01A0	0x002efc14
0x01A1	0x002efc14
0x01A2	0x002efc14
0x01A3	0x002efd2c
0x01A4	0x00325218
0x01A5	0x002acd00
0x01A6	0x002e21ec
0x01A7	0x0009e248
0x01A8	0x001dadb4
0x01A9	0x001dadd4
0x01AA	0x0020e340
0x01AB	0x002e2260
0x01AC	0x00325294
0x01AD	0x002ebdac
0x01AE	0x001d9ac8
0x01AF	0x00325370
0x01B0	0x002e233c
0x01B1	0x003253ec
0x01B2	0x002e23b8
0x01B3	0x002e24f4
0x01B4	0x0028e6a4
0x01B5	0x0028e810
0x01B6	0x002e25d4
0x01B7	0x002e279c
0x01B8	0x00325528
0x01B9	0x0020e530
0x01BA	0x002b82f8
0x01BB	0x0029a7c8
0x01BC	0x0007f5f8
0x01BD	0x0007f6ec
0x01BE	0x0007f7c8
0x01BF	0x002e2928
0x01C0	0x002e2a38
0x01C1	0x003256b4
0x01C2	0x003257f8
0x01C3	0x002e2aac
0x01C4	0x003258f4
0x01C5	0x00325ba0
0x01C6	0x001dae3c
0x01C7	0x00325ea0
0x01C8	0x001ddf24
0x01C9	0x00325f7c
0x01CA	0x002e2b10
0x01CB	0x001d9b28
0x01CC	0x001d9b98
0x01CD	0x001d9bcc
0x01CE	0x001d9c88
0x01CF	0x0018be08
0x01D0	0x00326010
0x01D1	0x001daf5c
0x01D2	0x000003c8
0x01D3	0x00000468
0x01D4	0x002e2bd4
0x01D5	0x002e2c64
0x01D6	0x001d4180
0x01D7	0x001d41dc
0x01D8	0x002ebe1c
0x01D9	0x002ebf20
0x01DA	0x002ec02c
0x01DB	0x002ec130
0x01DC	0x002ec234
0x01DD	0x002ec340
0x01DE	0x002ec444
0x01DF	0x00081d44
0x01E0	0x00081dc8
0x01E1	0x00081e0c
0x01E2	0x00081e5c
0x01E3	0x00081eac
0x01E4	0x00081f00
0x01E5	0x00081f54
0x01E6	0x00081fa8
0x01E7	0x00081fbc
0x01E8	0x00081ff8
0x01E9	0x0008200c
0x01EA	0x00082050
0x01EB	0x00082064
0x01EC	0x003260f4
0x01ED	0x0007f814
0x01EE	0x00326168
0x01EF	0x002e2cf4
0x01F0	0x0032628c
0x01F1	0x00326390
0x01F2	0x002e2e18
0x01F3	0x000d99cc
0x01F4	0x0007f838
0x01F5	0x0007f8f0
0x01F6	0x002e2e8c
0x01F7	0x001d42c0
0x01F8	0x0018be2c
0x01F9	0x001de044
0x01FA	0x002e308c
0x01FB	0x001db050
0x01FC	0x001db0c0
0x01FD	0x003263f4
0x01FE	0x002e30f4
0x01FF	0x001d4394
0x0200	0x00326470
0x0201	0x002e3168
0x0202	0x0029a84c
0x0203	0x002ec548
0x0204	0x002ec73c
0x0205	0x002ec7b0
0x0206	0x002ec87c
0x0207	0x002ec8f8
0x0208	0x002ec974
0x0209	0x002ec9ec
0x020A	0x002eca68
0x020B	0x00210d50
0x020C	0x00211348
0x020D	0x00326500
0x020E	0x0032663c
0x020F	0x003266b0
0x0210	0x0007f9a8
0x0211	0x0020e6bc
0x0212	0x0020e740
0x0213	0x003267b0
0x0214	0x001d43e4
0x0215	0x001d4440
0x0216	0x0032e860
0x0217	0x0020e7b0
0x0218	0x003268ac
0x0219	0x00004ea8
0x021A	0x0020eab4
0x021B	0x0029c6ac
0x021C	0x003269b4
0x021D	0x002e31e4
0x021E	0x002ecae4
0x021F	0x002ecbec
0x0220	0x00326a38
0x0221	0x0018bed4
0x0222	0x0032ed54
0x0223	0x0029aa90
0x0224	0x0020ebac
0x0225	0x0020ec20
0x0226	0x002eccf4
0x0227	0x0029abec
0x0228	0x0009e2b8
0x0229	0x0020ec94
0x022A	0x0020ed3c
0x022B	0x00288f8c
0x022C	0x0029ad80
0x022D	0x002f0148
0x022E	0x002e323c
0x022F	0x0028e934
0x0230	0x002e32b0
0x0231	0x000164d4
0x0232	0x00326ad4
0x0233	0x002e3364
0x0234	0x0029ae38
0x0235	0x00319608
0x0236	0x002e345c
0x0237	0x00326b50
0x0238	0x002b8360
0x0239	0x00253e3c
0x023A	0x00253e68
0x023B	0x00253e94
0x023C	0x00288ff4
0x023D	0x002e34c8
0x023E	0x00326c38
0x023F	0x0007fb04
0x0240	0x00016618
0x0241	0x0029af2c
0x0242	0x001d449c
0x0243	0x001d4570
0x0244	0x0012eca4
0x0245	0x0029af84
0x0246	0x002e353c
0x0247	0x001d4644
0x0248	0x00319700
0x0249	0x00319830
0x024A	0x001db130
0x024B	0x00326c7c
0x024C	0x002f019c
0x024D	0x002f026c
0x024E	0x002e8860
0x024F	0x001db1b4
0x0250	0x0018bef8
0x0251	0x002e360c
0x0252	0x0020ede0
0x0253	0x0029afd4
0x0254	0x002e36e4
0x0255	0x002e3758
0x0256	0x002e379c
0x0257	0x00289048
0x0258	0x002890d4
0x0259	0x002891b0
0x025A	0x0028920c
0x025B	0x0028e9a0
0x025C	0x001d4688
0x025D	0x002ece50
0x025E	0x002ecef8
0x025F	0x002892dc
0x0260	0x001db1fc
0x0261	0x001db298
0x0262	0x001d4770
0x0263	0x00275b0c
0x0264	0x00326d1c
0x0265	0x00326d58
0x0266	0x002ecfa0
0x0267	0x002ed01c
0x0268	0x002ed0e8
0x0269	0x0031987c
0x026A	0x00326d94
0x026B	0x0018bf1c
0x026C	0x002ed14c
0x026D	0x002e3888
0x026E	0x001db37c
0x026F	0x001db4d4
0x0270	0x002ed188
0x0271	0x00326e6c
0x0272	0x00326edc
0x0273	0x002e38fc
0x0274	0x002e3964
0x0275	0x002e39d4
0x0276	0x00326f50
0x0277	0x001db560
0x0278	0x00326fd8
0x0279	0x0020eec8
0x027A	0x00082128
0x027B	0x00082148
0x027C	0x00082168
0x027D	0x000821a4
0x027E	0x000bd7a8
0x027F	0x002e3a60
0x0280	0x0029c7c0
0x0281	0x001db5c8
0x0282	0x0029b05c
0x0283	0x0029b0ec
0x0284	0x00289338
0x0285	0x0032703c
0x0286	0x001db60c
0x0287	0x001db67c
0x0288	0x002b83f8
0x0289	0x002b8400
0x028A	0x0020efa4
0x028B	0x001db6ec
0x028C	0x003270e8
0x028D	0x0018bf6c
0x028E	0x002e3b3c
0x028F	0x001d47b4
0x0290	0x002e3bb4
0x0291	0x0029b17c
0x0292	0x00000508
0x0293	0x0028eae0
0x0294	0x002e3c34
0x0295	0x00327150
0x0296	0x000821c4
0x0297	0x00000580
0x0298	0x00327220
0x0299	0x002e3ca8
0x029A	0x003272a8
0x029B	0x00327364
0x029C	0x0007fb5c
0x029D	0x0007fb98
0x029E	0x0007fbb8
0x029F	0x00016738
0x02A0	0x0028937c
0x02A1	0x002893d4
0x02A2	0x00289418
0x02A3	0x002e3da8
0x02A4	0x0029b1ec
0x02A5	0x003273d8
0x02A6	0x0032744c
0x02A7	0x00327564
0x02A8	0x0032764c
0x02A9	0x0029b29c
0x02AA	0x00289450
0x02AB	0x001db794
0x02AC	0x0020f018
0x02AD	0x00253e9c
0x02AE	0x00327748
0x02AF	0x00327860
0x02B0	0x002b8528
0x02B1	0x002ed1dc
0x02B2	0x002ed378
0x02B3	0x002e3e18
0x02B4	0x0018bfb0
0x02B5	0x00253ee8
0x02B6	0x00327978
0x02B7	0x00327a28
0x02B8	0x00327ab4
0x02B9	0x002e3e60
0x02BA	0x00327b5c
0x02BB	0x002e3ed4
0x02BC	0x00327bb0
0x02BD	0x002e3f28
0x02BE	0x00327e64
0x02BF	0x001db7c4
0x02C0	0x00327f68
0x02C1	0x0020dbac
0x02C2	0x0020dbac
0x02C3	0x0020dbac
0x02C4	0x0020dbac
0x02C5	0x0020dbac
0x02C6	0x0020dbac
0x02C7	0x002e3fb4
0x02C8	0x00327ff0
0x02C9	0x003280f4
0x02CA	0x002e4020
0x02CB	0x0032825c
0x02CC	0x003282b8
0x02CD	0x001db8a8
0x02CE	0x0029b330
0x02CF	0x0009e2e8
0x02D0	0x0032830c
0x02D1	0x001db950
0x02D2	0x002e4064
0x02D3	0x001de194
0x02D4	0x00328380
0x02D5	0x00328410
0x02D6	0x002e40b8
0x02D7	0x002acd48
0x02D8	0x002e412c
0x02D9	0x002e4250
0x02DA	0x002e4434
0x02DB	0x002b7b94
0x02DC	0x00328508
0x02DD	0x001de328
0x02DE	0x001db9a0
0x02DF	0x001dbab0
0x02E0	0x001dbbc0
0x02E1	0x003285a8
0x02E2	0x002b7448
0x02E3	0x002b7850
0x02E4	0x002b7850
0x02E5	0x002b79f0
0x02E6	0x002b79f0
0x02E7	0x0032868c
0x02E8	0x0028ebac
0x02E9	0x002e449c
0x02EA	0x001d9cbc
0x02EB	0x002e455c
0x02EC	0x001dbcd0
0x02ED	0x001dbd1c
0x02EE	0x00328734
0x02EF	0x00328810
0x02F0	0x003198d8
0x02F1	0x001dbd94
0x02F2	0x002e45d0
0x02F3	0x002e46a8
0x02F4	0x002e46f0
0x02F5	0x0028ed1c
0x02F6	0x0028ee44
0x02F7	0x001dbebc
0x02F8	0x00328900
0x02F9	0x003289b8
0x02FA	0x0020f0ec
0x02FB	0x0020f168
0x02FC	0x001dbf0c
0x02FD	0x001dbf50
0x02FE	0x00328a34
0x02FF	0x002e4758
0x0300	0x002e47cc
0x0301	0x002e4828
0x0302	0x001dbfe4
0x0303	0x0029b39c
0x0304	0x0020dbcc
0x0305	0x0020dbcc
0x0306	0x0020f23c
0x0307	0x0020f320
0x0308	0x0020f320
0x0309	0x00328aac
0x030A	0x000d9aac
0x030B	0x000801b8
0x030C	0x00080258
0x030D	0x0008035c
0x030E	0x00328b48
0x030F	0x00328b90
0x0310	0x00328c40
0x0311	0x002f0340
0x0312	0x0007fc6c
0x0313	0x001d9cfc
0x0314	0x001d9d7c
0x0315	0x000821f0
0x0316	0x002e4870
0x0317	0x00004f04
0x0318	0x001dc04c
0x0319	0x001dc1e0
0x031A	0x0007fd30
0x031B	0x002e4954
0x031C	0x002e49b4
0x031D	0x00000604
0x031E	0x000006f8
0x031F	0x002e4a30
0x0320	0x00328ce0
0x0321	0x0020f340
0x0322	0x00328db8
0x0323	0x002ed514
0x0324	0x00328ed4
0x0325	0x002e4a78
0x0326	0x00328f58
0x0327	0x00329088
0x0328	0x002e4b44
0x0329	0x002e4c74
0x032A	0x002e4d7c
0x032B	0x0032918c
0x032C	0x0020f3a0
0x032D	0x00329278
0x032E	0x000822c4
0x032F	0x003292f4
0x0330	0x001dc248
0x0331	0x00329368
0x0332	0x003293dc
0x0333	0x002e4df8
0x0334	0x002e4fa4
0x0335	0x002e5018
0x0336	0x00329424
0x0337	0x00329560
0x0338	0x00004fe4
0x0339	0x00329774
0x033A	0x002b867c
0x033B	0x003297e8
0x033C	0x002e5178
0x033D	0x0020f484
0x033E	0x001dc2dc
0x033F	0x001dc364
0x0340	0x001dc38c
0x0341	0x001dc424
0x0342	0x00329838
0x0343	0x00329a48
0x0344	0x00329c34
0x0345	0x0007fd90
0x0346	0x0020f554
0x0347	0x00329ca8
0x0348	0x00329d1c
0x0349	0x00329d90
0x034A	0x00329ea4
0x034B	0x002e51c8
0x034C	0x00275c40
0x034D	0x00329f74
0x034E	0x002e52b0
0x034F	0x0032a04c
0x0350	0x002e5300
0x0351	0x00082300
0x0352	0x0032a100
0x0353	0x001d48a4
0x0354	0x001dc4bc
0x0355	0x0007fddc
0x0356	0x00289458
0x0357	0x001dc578
0x0358	0x0008233c
0x0359	0x00005048
0x035A	0x00319928
0x035B	0x001dc5c8
0x035C	0x0032a25c
0x035D	0x0032a2c8
0x035E	0x002e5408
0x035F	0x0032a3a4
0x0360	0x0007fe2c
0x0361	0x0032a4a8
0x0362	0x000823c0
0x0363	0x001dc738
0x0364	0x001dc7a0
0x0365	0x0032a580
0x0366	0x002e550c
0x0367	0x0032a864
0x0368	0x0032a8bc
0x0369	0x002e5640
0x036A	0x0008240c
0x036B	0x001dc808
0x036C	0x0032a958
0x036D	0x0007fed8
0x036E	0x00082440
0x036F	0x0029b3fc
0x0370	0x002e5698
0x0371	0x0029b468
0x0372	0x000007e8
0x0373	0x00000888
0x0374	0x00253f58
0x0375	0x00253f60
0x0376	0x00253f68
0x0377	0x002acdec
0x0378	0x003199e4
0x0379	0x00319a38
0x037A	0x002b8714
0x037B	0x002b8714
0x037C	0x002e570c
0x037D	0x002e57ec
0x037E	0x002e58c4
0x037F	0x002e599c
0x0390	0x002b88a0
0x0391	0x002b88a8
0x0392	0x002b88d4
0x0393	0x0032aa48
0x0394	0x001dc914
0x0395	0x00319a58
0x0396	0x00319b88
0x0397	0x002e5a74
0x0398	0x002e5b4c
0x0399	0x0032aac4
0x039A	0x002e5c24
0x039B	0x001de448
0x039C	0x001dc950
0x039D	0x00253f70
0x039E	0x00253f78
0x039F	0x00253f80
0x03A0	0x00253f88
0x03A1	0x00319c68
0x03A2	0x0032ab40
0x03A3	0x002e5d18
0x03A4	0x002e5e70
0x03A5	0x0032ada8
0x03A6	0x0032ae18
0x03A7	0x001dca34
0x03A8	0x001dcc48
0x03A9	0x0020f5c4
0x03AA	0x0020f64c
0x03AB	0x001d9dd4
0x03AC	0x0008247c
0x03AD	0x000824b8
0x03AE	0x0032aef0
0x03AF	0x002e5f14
0x03B0	0x000824e4
0x03B1	0x0020f720
0x03B2	0x0020f844
0x03B3	0x002e60b8
0x03B4	0x002e613c
0x03B5	0x0020f898
0x03B6	0x0018c010
0x03B7	0x0018c08c
0x03B8	0x002e61b0
0x03B9	0x002e63ec
0x03BA	0x00253fb4
0x03BB	0x002e64ac
0x03BC	0x0032af6c
0x03BD	0x001dcccc
0x03BE	0x0020f9d4
0x03BF	0x002e6548
0x03C0	0x001dcd20
0x03C1	0x0029b4d4
0x03C2	0x002ed638
0x03C3	0x0020fa24
0x03C4	0x000803cc
0x03C5	0x00080408
0x03C6	0x0012ed14
0x03C7	0x0012edb0
0x03C8	0x000f8d90
0x03C9	0x000f8e1c
0x03CA	0x000f8e64
0x03CB	0x000f8e70
0x03CC	0x000f8f38
0x03CD	0x000f8fd8
0x03CE	0x001dcde0
0x03CF	0x00319cc4
0x03D0	0x00319d4c
0x03D1	0x002e6714
0x03D2	0x00319dd4
0x03D3	0x002ed684
0x03D4	0x002ed774
0x03D5	0x0032b03c
0x03D6	0x0032b09c
0x03D7	0x0032b0f0
0x03D8	0x002e67ac
0x03D9	0x001dce6c
0x03DA	0x0012eddc
0x03DB	0x0012ee40
0x03DC	0x0012eee8
0x03DD	0x0012ef90
0x03DE	0x0032b144
0x03DF	0x000824f8
0x03E0	0x00082548
0x03E1	0x0008258c
0x03E2	0x00319f88
0x03E3	0x001de5d0
0x03E4	0x001de5d8
0x03E5	0x00254020
0x03E6	0x002540b4
0x03E7	0x0020fcb0
0x03E8	0x0020fd38
0x03E9	0x001dcea8
0x03EA	0x002ed864
0x03EB	0x002ed9ac
0x03EC	0x002edaf4
0x03ED	0x002edbe4
0x03EE	0x00000948
0x03EF	0x0032b1b4
0x03F0	0x002540f4
0x03F1	0x00080054
0x03F2	0x000825c8
0x03F3	0x0031a0a0
0x03F4	0x002edcec
0x03F5	0x0020fd98
0x03F6	0x0020ffd4
0x03F7	0x002f0430
0x03F8	0x001dcf10
0x03F9	0x002f04bc
0x03FA	0x001dcf74
0x03FB	0x0032b204
0x03FC	0x001d4910
0x03FD	0x0029b540
0x03FE	0x0012ef98
0x03FF	0x002f0598
0x0400	0x001dcfe0
0x0401	0x0031a0c0
0x0402	0x002894a0
0x0403	0x0031a16c
0x0404	0x001d9ea8
0x0405	0x0032b2a0
0x0406	0x002eddf4
0x0407	0x002edec0
0x0408	0x002edf8c
0x0409	0x002ee07c
0x040A	0x002e6814
0x040B	0x001dd05c
0x040C	0x0029b5b0
0x040D	0x002ee16c
0x040E	0x002ee254
0x040F	0x002ee2ec
0x0410	0x00289564
0x0411	0x002895a8
0x0412	0x002895ec
0x0413	0x00289630
0x0414	0x00080444
0x0415	0x002540fc
0x0416	0x00254128
0x0417	0x0028975c
0x0418	0x002897cc
0x0419	0x0032b320
0x041A	0x0009e3cc
0x041B	0x0032b598
0x041C	0x0032b5ec
0x041D	0x000d9bf8
0x041E	0x00254154
0x041F	0x00254180
0x0420	0x002541ac
0x0421	0x00210094
0x0422	0x002e6888
0x0423	0x0032b65c
0x0424	0x002e6958
0x0425	0x0032b730
0x0426	0x000d9d40
0x0427	0x000d9ddc
0x0428	0x000d9e78
0x0429	0x0032b998
0x042A	0x0032ba4c
0x042B	0x00080650
0x042C	0x0032bafc
0x042D	0x0032bbec
0x042E	0x0012efe8
0x042F	0x002e6a30
0x0430	0x002e6a90
0x0431	0x0032bccc
0x0432	0x0032bd5c
0x0433	0x002c3380
0x0434	0x002385f8
0x0435	0x0023866c
0x0436	0x0023876c
0x0437	0x002c34cc
0x0438	0x002c3618
0x0439	0x002c3704
0x043A	0x002e6b08
0x043B	0x002efdb0
0x043C	0x002efe70
0x043D	0x002efed8
0x043E	0x002101ec
0x043F	0x0021031c
0x0440	0x00210370
0x0441	0x00210454
0x0442	0x0032bdec
0x0443	0x000806c0
0x0444	0x00080774
0x0445	0x00080924
0x0446	0x0032be64
0x0447	0x002e6b7c
0x0448	0x0032bf40
0x0449	0x0032bfd0
0x044A	0x0032c064
0x044B	0x002541d8
0x044C	0x0032c0e4
0x044D	0x00082608
0x044E	0x001721c8
0x044F	0x00172234
0x0450	0x00172268
0x0451	0x001722d0
0x0452	0x00172338
0x0453	0x001723fc
0x0454	0x001724c0
0x0455	0x001725e8
0x0456	0x0017273c
0x0457	0x00172790
0x0458	0x00172854
0x0459	0x001728b8
0x045A	0x0017291c
0x045B	0x00172980
0x045C	0x001729e8
0x045D	0x00172a3c
0x045E	0x0007a1a4
0x045F	0x0007a258
0x0460	0x0007a2c0
0x0461	0x0007a348
0x0462	0x0007a3b0
0x0463	0x0007a418
0x0464	0x0007a4a8
0x0465	0x0007a530
0x0466	0x0007a5dc
0x0467	0x0007a660
0x0468	0x0007a6e4
0x0469	0x0007a768
0x046A	0x0007a7ec
0x046B	0x0007a870
0x046C	0x0007a8f4
0x046D	0x0032c26c
0x046E	0x002e6de4
0x046F	0x002e6ecc
0x0470	0x0018c110
0x0471	0x0018c16c
0x0472	0x00281dbc
0x0473	0x00281eb8
0x0474	0x00281fd8
0x0475	0x00210520
0x0476	0x000167d4
0x0477	0x002b8964
0x0478	0x0012f0b0
0x0479	0x0031a26c
0x047A	0x0031a39c
0x047B	0x0007a998
0x047C	0x000f76fc
0x047D	0x000f7878
0x047E	0x000f79c8
0x047F	0x000f7b9c
0x0480	0x000f7de0
0x0481	0x001dd218
0x0482	0x0012f4dc
0x0483	0x0012f54c
0x0484	0x0012f5e8
0x0485	0x00080a28
0x0486	0x0007aa40
0x0487	0x0032c470
0x0488	0x0031a3e8
0x0489	0x0007ab38
0x048A	0x0007ab6c
0x048B	0x00172b10
0x048C	0x00172c38
0x048D	0x000009cc
0x048E	0x00000a48
0x048F	0x00000ac8
0x0490	0x002105d8
0x0491	0x00210658
0x0492	0x0031a428
0x0493	0x0012f63c
0x0494	0x0012f6d0
0x0495	0x002e70d0
0x0496	0x002e726c
0x0497	0x002e7408
0x0498	0x002e7478
0x0499	0x002e74e8
0x049A	0x002e757c
0x049B	0x00283d9c
0x049C	0x0031a4c0
0x049D	0x0031a51c
0x049E	0x0007aba0
0x049F	0x0001689c
0x04A0	0x000168f4
0x04A1	0x00289834
0x04A2	0x0020dbec
0x04A3	0x0032c4e4
0x04A4	0x0032c54c
0x04A5	0x002e7610
0x04A6	0x002e76a4
0x04A7	0x002e773c
0x04A8	0x002e7780
0x04A9	0x002e7830
0x04AA	0x002e78e0
0x04AB	0x002e795c
0x04AC	0x002e79d8
0x04AD	0x002e7a3c
0x04AE	0x0032c5b4
0x04AF	0x0032c67c
0x04B0	0x0032c744
0x04B1	0x0032c7b4
0x04B2	0x0032c824
0x04B3	0x0032c8b8
0x04B4	0x00080b58
0x04B5	0x0032c94c
0x04B6	0x0032c9c4
0x04B7	0x0032ca40
0x04B8	0x002106c8
0x04B9	0x0032cab4
0x04BA	0x002107c8
0x04BB	0x00275db8
0x04BC	0x0021080c
0x04BD	0x001dd29c
0x04BE	0x002e7abc
0x04BF	0x0031a57c
0x04C0	0x002109b4
0x04C1	0x00210a3c
0x04C2	0x0032cbc0
0x04C3	0x0032cc2c
0x04C4	0x0028ef84
0x04C5	0x0012f780
0x04C6	0x0012f7e0
0x04C7	0x0029b668
0x04C8	0x0029b688
0x04C9	0x0029b6a8
0x04CA	0x0029b748
0x04CB	0x0007ad9c
0x04CC	0x002898a4
0x04CD	0x002ee3e4
0x04CE	0x0031a674
0x04CF	0x0032cc7c
0x04D0	0x0032cd14
0x04D1	0x002e7b80
0x04D2	0x002e7bc8
0x04D3	0x0032cdac
0x04D4	0x001dd370
0x04D5	0x001dd3d4
0x04D6	0x001dd440
0x04D7	0x0018c1e4
0x04D8	0x00210a5c
0x04D9	0x00082698
0x04DA	0x000826d4
0x04DB	0x00082710
0x04DC	0x0029b7d0
0x04DD	0x002e7c38
0x04DE	0x00283dcc
0x04DF	0x001dd4fc
0x04E0	0x002820a0
0x04E1	0x0031a6e4
0x04E2	0x002898ac
0x04E3	0x00210b5c
0x04E4	0x0032ce48
0x04E5	0x0008273c
0x04E6	0x0032cebc
0x04E7	0x0029b840
0x04E8	0x002e7c84
0x04E9	0x002e7d50
0x04EA	0x0008278c
0x04EB	0x002898ec
0x04EC	0x00080094
0x04ED	0x0012f820
0x04EE	0x0032cf34
0x04EF	0x0008017c
0x04F0	0x001dd61c
0x04F1	0x002119d4
0x04F2	0x002b89fc
0x04F3	0x000827a0
0x04F4	0x000827e0
0x04F5	0x00275dec
0x04F6	0x0007af98
0x04F7	0x002ee5cc
0x04F8	0x00238854
0x04F9	0x002389b8
0x04FA	0x002e7e1c
0x04FB	0x0028992c
0x04FC	0x00291530
0x04FD	0x002eff40
0x04FE	0x00291588
0x04FF	0x002915b4
0x0500	0x0032cf80
0x0501	0x0032cfe4
0x0502	0x0032d04c
0x0503	0x0032d090
0x0504	0x0032d114
0x0505	0x0032d154
0x0506	0x0032d1ec
0x0507	0x00289970
0x0508	0x0032d268
0x0509	0x001dd760
0x050A	0x00082860
0x050B	0x00082874
0x050C	0x00082888
0x050D	0x0008289c
0x050E	0x000828b0
0x050F	0x00082904
0x0510	0x00082958
0x0511	0x000829ac
0x0512	0x00082a00
0x0513	0x00082a54
0x0514	0x00082aa8
0x0515	0x00082afc
0x0516	0x00082b50
0x0517	0x00082ba4
0x0518	0x00082bf8
0x0519	0x00082c4c
0x051A	0x00082ca0
0x051B	0x00082cf4
0x051C	0x00082d48
0x051D	0x00082d94
0x051E	0x00082de0
0x051F	0x00082e2c
0x0520	0x00082e78
0x0521	0x00082ec4
0x0522	0x00082f10
0x0523	0x00080df8
0x0524	0x0018c288
0x0525	0x0018c304
0x0526	0x00080e68
0x0527	0x0032d2dc
0x0528	0x00080f08
0x0529	0x00080f94
0x052A	0x00081040
0x052B	0x00082f5c
0x052C	0x00082fb0
0x052D	0x0012f9bc
0x052E	0x002899c0
0x052F	0x001dd7f0
0x0530	0x0029b920
0x0531	0x0032d3b0
0x0532	0x001dd810
0x0533	0x002e7e8c
0x0534	0x002e7f78
0x0535	0x00083004
0x0536	0x00083074
0x0537	0x000830e4
0x0538	0x00083130
0x0539	0x0008317c
0x053A	0x000831ec
0x053B	0x00083238
0x053C	0x00083284
0x053D	0x000832d8
0x053E	0x0008332c
0x053F	0x00289a2c
0x0540	0x00289a6c
0x0541	0x002e7fc8
0x0542	0x0032d41c
0x0543	0x0032d490
0x0544	0x0012fcbc
0x0545	0x0031a794
0x0546	0x00083380
0x0547	0x00291614
0x0548	0x001dd880
0x0549	0x001dd910
0x054A	0x002ee7bc
0x054B	0x0032d504
0x054C	0x000833d4
0x054D	0x0032d598
0x054E	0x001dd96c
0x054F	0x001dd9a4
0x0550	0x000834d4
0x0551	0x00083518
0x0552	0x0008355c
0x0553	0x000835b0
0x0554	0x000835f4
0x0555	0x0029b964
0x0556	0x0001699c
0x0557	0x0032d60c
0x0558	0x0032d680
0x0559	0x00210d04
0x055A	0x0009e4c8
